{
    "$schema": "../TcHmiFramework/Schema/FunctionDescription.Schema.json",
    "apiVersion": 1,
    "version": {
        "full": "1.12.754.4",
        "major": 1,
        "minor": 12,
        "build": 754,
        "revision": 4
    },
    "dependencyFiles": [
        {
            "name": "Concatenate.js",
            "type": "JavaScript",
            "description": ""
        }
    ],
    "function": {
        "name": "Concatenate",
        "namespace": "TcHmi.Functions.Beckhoff",
        "displayName": "Concatenate",
        "visible": true,
        "category": "Data Conversion",
        "description": "Concatenate multiple string values.",
        "returnValue": {
            "type": "tchmi:general#/definitions/String"
        },
        "arguments": [
            {
                "name": "value",
                "displayName": "Value",
                "type": "tchmi:general#/definitions/String",
                "description": "Value to concatenate",
                "required": true,
                "bindable": true,
                "restParameter": true
            }
        ]
    }
}