{
    "$schema": "../TcHmiFramework/Schema/FunctionDescription.Schema.json",
    "apiVersion": 1,
    "version": {
        "full": "1.12.754.4",
        "major": 1,
        "minor": 12,
        "build": 754,
        "revision": 4
    },
    "dependencyFiles": [
        {
            "name": "ConvertBooleanToEnum.js",
            "type": "JavaScript",
            "description": ""
        }
    ],
    "function": {
        "name": "ConvertBooleanToEnum",
        "namespace": "TcHmi.Functions.Beckhoff",
        "displayName": "ConvertBooleanToEnum",
        "visible": true,
        "description": "Converts boolean values to enumeration values.",
        "category": "Data Conversion",
        "returnValue": {
            "type": "tchmi:general#/definitions/String"
        },
        "arguments": [
            {
                "name": "value",
                "displayName": "value",
                "type": "tchmi:general#/definitions/Boolean",
                "description": "Value to be converted",
                "required": true,
                "bindable": true
            },
            {
                "name": "trueValue",
                "displayName": "trueValue",
                "type": "tchmi:general#/definitions/String",
                "description": "Return value if source value is true",
                "required": true,
                "bindable": true
            },
            {
                "name": "falseValue",
                "displayName": "falseValue",
                "type": "tchmi:general#/definitions/String",
                "description": "Return value if source value is false",
                "required": true,
                "bindable": true
            }
        ]
    }
}