{
    "$schema": "http://json-schema.org/draft-04/schema",
    "type": "object",
    "properties": {
        "$schema": {
            "type": "string",
            "description": "URL to a schema file"
        },
        "name": {
            "type": "string",
            "minLength": 1
        },
        "version": {
            "type": "object",
            "properties": {
                "full": {
                    "type": "string",
                    "pattern": "^[0-9]+\\.[0-9]+\\.[0-9]+\\.[0-9]+$"
                },
                "major": {
                    "type": "integer",
                    "minimum": 0
                },
                "minor": {
                    "type": "integer",
                    "minimum": 0
                },
                "revision": {
                    "type": "integer",
                    "minimum": 0
                },
                "build": {
                    "type": "integer",
                    "minimum": 0
                }
            },
            "required": ["full", "major", "minor", "revision", "build"]
        },
        "dependencyFiles": {
            "type": "array",
            "items": {
                "type": "object",
                "properties": {
                    "name": {
                        "type": "string",
                        "description": "Path to the file",
                        "minLength": 1
                    },
                    "type": {
                        "type": "string",
                        "enum": ["Stylesheet", "JavaScript"],
                        "description": "Type of the framework asset."
                    },
                    "description": {
                        "type": "string",
                        "description": "A long description of this file."
                    }
                },
                "required": ["name", "type", "description"]
            }
        }
    },
    "required": ["name", "version", "dependencyFiles"]
}
