{
    "$schema": "http://json-schema.org/draft-04/schema",
    "definitions": {
        "TcHmi.Controls.Beckhoff.TcHmiEventLine": {
            "type": "object",
            "frameworkInstanceOf": "TcHmi.Controls.System.TcHmiControl",
            "frameworkControlType": "TcHmiEventLine",
            "frameworkControlNamespace": "TcHmi.Controls.Beckhoff"
        },
        "TcHmiEventLine": {
            "$ref": "tchmi:framework#/definitions/TcHmi.Controls.Beckhoff.TcHmiEventLine"
        }
    }
}
